Package,Version,Group,Publisher,Repo_URL,Unclass_Total,Passes_SIA,eFOSS_Status,Is_Direct,Description,Mission_Justification,Mission_Impact,Is_Latest_Version,Older_Version_Justification,Prev_Approved_Versions,Vulnerabilities,Critical_or_High,Is_Executable,Non_Standard_File,Security_Scannable,Is_Modified,Procurement,OS_Identification,Alternate_Solutions,Used_On_Deliverable,Software_Type,End_Use,SIA_Scan_ID,SIA_Scan_Date,Stars,Forks,Closed_Issues,Releases,Tags,Age_Days,Last_Update_Hours,Prevalence_Score,Stars_Score,Forks_Score,Maturity_Score,Last_Update_Score,Trusted_Org_Bonus,Trusted_Orgs
antlr4,4.13.2,org.antlr,ANTLR,https://github.com/antlr/antlr4,75,True,,True,The ANTLR 4 grammar compiler.,,,,,,,,No,No,Yes,No,"OpenSource, Freeware",N/A,,Yes,maven,DELIVERABLE,abf01978-ee94-4e71-b1d2-2dbba5706c8c,2026-02-04T18:35:46.949422+00:00,18700,3428,1517,31,64,5845,3,20,10,15,15,15,0,
antlr4-runtime,4.13.2,org.antlr,ANTLR,https://github.com/antlr/antlr4,75,True,,False,The ANTLR 4 Runtime,,,,,,,,No,No,Yes,No,"OpenSource, Freeware",N/A,,Yes,maven,DELIVERABLE,abf01978-ee94-4e71-b1d2-2dbba5706c8c,2026-02-04T18:35:46.949422+00:00,18700,3428,1517,31,64,5845,3,20,10,15,15,15,0,
antlr-runtime,3.5.3,org.antlr,ANTLR,https://github.com/antlr/antlr3,64,Undetermined,,False,"A framework for constructing recognizers, compilers, and translators from grammatical descriptions containing Java, C#, C++, or Python actions.",,,,,,,,No,No,Yes,No,"OpenSource, Freeware",N/A,,Yes,maven,DELIVERABLE,34b84288-3151-4e5e-906a-21dd633201f9,2026-02-04T18:35:46.883535+00:00,252,176,79,4,9,5112,1663,12,10,15,15,12,0,
ST4,4.3.4,org.antlr,antlr,https://github.com/antlr/stringtemplate4,73,True,,False,"StringTemplate is a java template engine for generating source code, web pages, emails, or any other formatted text output. StringTemplate is particularly good at multi-targeted code generators, multiple site skins, and internationalization/localization. It evolved over years of effort developing jGuru.com. StringTemplate also powers the ANTLR 3 and 4 code generator. Its distinguishing characteristic is that unlike other engines, it strictly enforces model-view separation. Strict separation makes websites and code generators more flexible and maintainable; it also provides an excellent defense against malicious template authors.",,,,,,,,No,No,Yes,No,"OpenSource, Freeware",N/A,,Yes,maven,DELIVERABLE,735dc4e0-0130-4a68-bb1b-af805c1abdff,2026-02-04T18:35:46.868527+00:00,1024,234,140,8,15,5845,16,18,10,15,15,15,0,
org.abego.treelayout.core,1.0.3,org.abego.treelayout,"abego Software GmbH, Germany",https://github.com/abego/treelayout,53,Undetermined,,False,Efficient and customizable TreeLayout Algorithm in Java.,,,,,,,,No,No,Yes,No,"OpenSource, Freeware",N/A,,Yes,maven,DELIVERABLE,9d566548-3d9b-4d08-96ae-f52f921e69f1,2026-02-04T18:35:46.920894+00:00,97,24,5,2,2,3923,662,4,9,10,15,15,0,
icu4j,72.1,com.ibm.icu,unicode-org,https://github.com/unicode-org/icu,75,True,,False,"International Component for Unicode for Java (ICU4J) is a mature, widely used Java library providing Unicode and Globalization support",,,,,,,,No,No,Yes,No,"OpenSource, Freeware",N/A,,Yes,maven,DELIVERABLE,477fc09f-5bab-4013-95fd-486c28f2e6c5,2026-02-04T18:35:46.918392+00:00,3397,863,0,121,597,3681,10,20,10,15,15,15,0,
apm-agent-attach,1.55.2,co.elastic.apm,Elastic Inc.,https://github.com/elastic/apm-agent-java,75,True,,True,APM for Java applications with the Elastic stack,,,,,,,,No,No,Yes,No,"OpenSource, Freeware",N/A,,Yes,maven,DELIVERABLE,7acc6fe3-ff0d-453e-a3e4-251c67588532,2026-02-04T18:35:47.047992+00:00,587,325,994,87,91,2914,36,20,10,15,15,15,0,
jna-platform,5.3.1,net.java.dev.jna,java-native-access,https://github.com/java-native-access/jna,75,True,,False,Java Native Access Platform,,,,,,,,No,No,Yes,No,"OpenSource, Freeware",N/A,,Yes,maven,DELIVERABLE,0543ff78-2dc8-499a-a5df-e877a3a353fd,2026-02-04T18:35:46.880534+00:00,8887,1687,728,0,69,5395,5,20,10,15,15,15,0,
asm-commons,9.9.1,org.ow2.asm,OW2,https://github.com/llbit/ow2-asm,46,Undetermined,,True,"Usefull class adapters based on ASM, a very small and fast Java bytecode manipulation framework",,,,,,,,No,No,Yes,No,"OpenSource, Freeware",N/A,,Yes,maven,DELIVERABLE,a6c26ecd-70bb-476e-9923-23d34e56ec8e,2026-02-04T18:35:46.913882+00:00,68,35,0,0,0,4562,2079,0,7,12,15,12,0,
asm,9.9.1,org.ow2.asm,OW2,https://github.com/llbit/ow2-asm,46,Undetermined,,False,"ASM, a very small and fast Java bytecode manipulation framework",,,,,,,,No,No,Yes,No,"OpenSource, Freeware",N/A,,Yes,maven,DELIVERABLE,a6c26ecd-70bb-476e-9923-23d34e56ec8e,2026-02-04T18:35:46.913882+00:00,68,35,0,0,0,4562,2079,0,7,12,15,12,0,
asm-tree,9.9.1,org.ow2.asm,OW2,https://github.com/llbit/ow2-asm,46,Undetermined,,False,"Tree API of ASM, a very small and fast Java bytecode manipulation framework",,,,,,,,No,No,Yes,No,"OpenSource, Freeware",N/A,,Yes,maven,DELIVERABLE,a6c26ecd-70bb-476e-9923-23d34e56ec8e,2026-02-04T18:35:46.913882+00:00,68,35,0,0,0,4562,2079,0,7,12,15,12,0,
aspectjweaver,1.9.25,org.aspectj,eclipse,https://github.com/eclipse/org.aspectj,71,True,,True,The AspectJ weaver applies aspects to Java classes. It can be used as a Java agent in order to apply load-time weaving (LTW) during class-loading and also contains the AspectJ runtime classes.,,,,,,,,No,No,Yes,No,"OpenSource, Freeware",N/A,,Yes,maven,DELIVERABLE,e4c8278c-ffcc-4e02-9cc2-8d3d62267f05,2026-02-04T18:35:46.893042+00:00,380,98,123,19,143,2015,114,16,10,15,15,15,0,
dom4j,2.2.0,org.dom4j,dom4j,https://github.com/dom4j/dom4j,67,Undetermined,,True,flexible XML framework for Java,,,,,,,,No,No,Yes,No,"OpenSource, Freeware",N/A,,Yes,maven,DELIVERABLE,911f0361-34b3-46b9-a3fc-ffb418ad3a78,2026-02-04T18:35:46.906547+00:00,945,242,88,15,28,3870,144,12,10,15,15,15,0,
fastexcel,0.19.0,org.dhatim,dhatim,https://github.com/dhatim/fastexcel,75,True,,True,Fast library to process Excel workbooks,,,,,,,,No,No,Yes,No,"OpenSource, Freeware",N/A,,Yes,maven,DELIVERABLE,de4dea17-a8aa-4cc2-8871-3038ff37d975,2026-02-04T18:35:47.053492+00:00,856,140,133,98,107,3640,9,20,10,15,15,15,0,
opczip,1.2.0,com.github.rzymek,rzymek,https://github.com/rzymek/opczip,35,False,,False,PKZIP64 implementation compatible with MS Excel,,,,,,,,No,No,Yes,No,"OpenSource, Freeware",N/A,,Yes,maven,DELIVERABLE,3154ecfc-9433-4a6e-b093-a3a1f0b287f9,2026-02-04T18:35:46.841501+00:00,5,5,1,0,2,2565,1580,4,1,3,15,12,0,
fastexcel-reader,0.19.0,org.dhatim,dhatim,https://github.com/dhatim/fastexcel,75,True,,True,Fast library to process Excel workbooks,,,,,,,,No,No,Yes,No,"OpenSource, Freeware",N/A,,Yes,maven,DELIVERABLE,de4dea17-a8aa-4cc2-8871-3038ff37d975,2026-02-04T18:35:47.053492+00:00,856,140,133,98,107,3640,9,20,10,15,15,15,0,
aalto-xml,1.3.3,com.fasterxml,FasterXML,https://github.com/FasterXML/aalto-xml,67,Undetermined,,False,"Ultra-high performance non-blocking XML processor (Stax/Stax2, SAX/SAX2)",,,,,,,,No,No,Yes,No,"OpenSource, Freeware",N/A,,Yes,maven,DELIVERABLE,f5ea8eb1-b685-4917-ac94-c6e168fdf61e,2026-02-04T18:35:46.936405+00:00,302,73,58,0,18,5635,651,12,10,15,15,15,0,
stax2-api,4.2.2,org.codehaus.woodstox,fasterxml.com,https://github.com/FasterXML/stax2-api,51,Undetermined,,False,"Stax2 API is an extension to basic Stax 1.0 API that adds significant new functionality, such as full-featured bi-direction validation interface and high-performance Typed Access API.",,,,,,,,No,No,Yes,No,"OpenSource, Freeware",N/A,,Yes,maven,DELIVERABLE,330513c2-dbef-4584-91d5-2f7535902e29,2026-02-04T18:35:46.862019+00:00,39,22,13,0,8,4596,49,8,4,9,15,15,0,
commons-compress,1.28.0,org.apache.commons,The Apache Software Foundation,https://github.com/apache/commons-compress,75,True,,False,"Apache Commons Compress defines an API for working with compression and archive formats. These include bzip2, gzip, pack200, LZMA, XZ, Snappy, traditional Unix Compress, DEFLATE, DEFLATE64, LZ4, Brotli, Zstandard and ar, cpio, jar, tar, zip, dump, 7z, arj.",,,,,,,,No,No,Yes,No,"OpenSource, Freeware",N/A,,Yes,maven,DELIVERABLE,1c9342f9-5496-42e6-b355-e01d025af062,2026-02-04T18:35:46.865516+00:00,390,304,0,0,92,5226,135,20,10,15,15,15,0,
gson,2.13.2,com.google.code.gson,google,https://github.com/google/gson,85,True,,True,Gson JSON library,,,,,,,,No,No,Yes,No,"OpenSource, Freeware",N/A,,Yes,maven,DELIVERABLE,992f984f-28cc-406c-a5cd-f478d883b0bf,2026-02-04T18:35:46.970437+00:00,24333,4395,1425,12,54,3975,3,20,10,15,15,15,10,google
error_prone_annotations,2.41.0,com.google.errorprone,Google LLC,https://github.com/google/error-prone,85,True,,False,Error Prone is a static analysis tool for Java that catches common programming mistakes at compile-time.,,,,,,,,No,No,Yes,No,"OpenSource, Freeware",N/A,,Yes,maven,DELIVERABLE,7f97ae9d-2574-43cd-b23f-05d75b931349,2026-02-04T18:35:46.968937+00:00,7134,781,1467,62,89,4185,2,20,10,15,15,15,10,google
httpclient,4.5.14,org.apache.httpcomponents,The Apache Software Foundation,https://github.com/apache/httpcomponents-client,75,True,,True,Apache HttpComponents Client,,,,,,,,No,No,Yes,No,"OpenSource, Freeware",N/A,,Yes,maven,DELIVERABLE,e55fd7eb-397e-46a4-a0fc-15423d034c79,2026-02-04T18:35:46.884535+00:00,1524,984,0,0,204,6104,146,20,10,15,15,15,0,
httpcore,4.4.16,org.apache.httpcomponents,The Apache Software Foundation,https://github.com/apache/httpcomponents-core,75,True,,False,Apache HttpComponents Core (blocking I/O),,,,,,,,No,No,Yes,No,"OpenSource, Freeware",N/A,,Yes,maven,DELIVERABLE,1f5555a1-23cd-4abe-ac68-b66f55ffeb5c,2026-02-04T18:35:46.872526+00:00,367,354,0,0,219,6104,48,20,10,15,15,15,0,
commons-logging,1.3.5,commons-logging,The Apache Software Foundation,https://github.com/apache/commons-logging,75,True,,False,"Apache Commons Logging is a thin adapter allowing configurable bridging to other, well-known logging systems.",,,,,,,,No,No,Yes,No,"OpenSource, Freeware",N/A,,Yes,maven,DELIVERABLE,7d867b23-3ce6-4ac5-8066-16babbbc5622,2026-02-04T18:35:46.994448+00:00,164,134,0,0,56,6103,166,20,10,15,15,15,0,
commons-codec,1.20.0,commons-codec,The Apache Software Foundation,https://github.com/apache/commons-codec,75,True,,False,"The Apache Commons Codec component contains encoders and decoders for formats such as Base16, Base32, Base64, digest, and Hexadecimal. In addition to these widely used encoders and decoders, the codec package also maintains a collection of phonetic encoding utilities.",,,,,,,,No,No,Yes,No,"OpenSource, Freeware",N/A,,Yes,maven,DELIVERABLE,c19c217d-dfaa-497b-9e4d-b05b5ea9c211,2026-02-04T18:35:46.853508+00:00,476,257,0,0,60,6104,7,20,10,15,15,15,0,
jackson-datatype-jsr310,2.20.1,com.fasterxml.jackson.datatype,FasterXML,https://github.com/FasterXML/jackson-modules-java8,75,True,,True,Add-on module to support JSR-310 (Java 8 Date & Time API) data types.,,,,,,,,No,No,Yes,No,"OpenSource, Freeware",N/A,,Yes,maven,DELIVERABLE,3ab81f52-0451-4bf7-abee-a6694de2e4bc,2026-02-04T18:35:46.964431+00:00,417,123,219,0,99,3381,403,20,10,15,15,15,0,
jackson-annotations,2.20,com.fasterxml.jackson.core,FasterXML,https://github.com/FasterXML/jackson-annotations,75,True,,False,"Core annotations used for value types, used by Jackson data binding package.",,,,,,,,No,No,Yes,No,"OpenSource, Freeware",N/A,,Yes,maven,DELIVERABLE,92c57790-9f0b-4475-b34c-0baa9b4e0e5d,2026-02-04T18:35:46.862019+00:00,1057,337,177,0,169,5158,216,20,10,15,15,15,0,
jackson-core,2.20.1,com.fasterxml.jackson.core,FasterXML,https://github.com/FasterXML/jackson-core,75,True,,False,"Core Jackson processing abstractions (aka Streaming API), implementation for JSON",,,,,,,,No,No,Yes,No,"OpenSource, Freeware",N/A,,Yes,maven,DELIVERABLE,552fbef3-e435-492d-9fa2-60005ac484fa,2026-02-04T18:35:46.870027+00:00,2348,824,767,0,187,5158,48,20,10,15,15,15,0,
jackson-databind,2.20.1,com.fasterxml.jackson.core,FasterXML,https://github.com/FasterXML/jackson-databind,75,True,,False,General data-binding functionality for Jackson: works on core streaming API,,,,,,,,No,No,Yes,No,"OpenSource, Freeware",N/A,,Yes,maven,DELIVERABLE,22a2abc1-af01-4a57-91b6-39640f9150a6,2026-02-04T18:35:48.566638+00:00,3677,1462,3464,0,233,5157,0,20,10,15,15,15,0,
jackson-module-parameter-names,2.20.1,com.fasterxml.jackson.module,FasterXML,https://github.com/FasterXML/jackson-modules-java8,75,True,,True,"Add-on module for Jackson (https://github.com/FasterXML/jackson) to support introspection of method/constructor parameter names, without having to add explicit property name annotation.",,,,,,,,No,No,Yes,No,"OpenSource, Freeware",N/A,,Yes,maven,DELIVERABLE,3ab81f52-0451-4bf7-abee-a6694de2e4bc,2026-02-04T18:35:46.964431+00:00,417,123,219,0,99,3381,403,20,10,15,15,15,0,
jackson-module-scala_2.13,2.20.1,com.fasterxml.jackson.module,com.fasterxml.jackson.module,https://github.com/FasterXML/jackson-module-scala,75,True,,True,jackson-module-scala,,,,,,,,No,No,Yes,No,"OpenSource, Freeware",N/A,,Yes,maven,DELIVERABLE,01e773c2-f018-4385-98dd-702e54cda962,2026-02-04T18:35:48.685098+00:00,505,142,493,0,187,5546,174,20,10,15,15,15,0,
scala-library,2.13.18,org.scala-lang,LAMP/EPFL,https://github.com/scala/scala,75,True,,False,Standard library for the Scala Programming Language,,,,,,,,No,No,Yes,No,"OpenSource, Freeware",N/A,,Yes,maven,DELIVERABLE,e82ace79-4a3f-405c-9c43-873624cbce0d,2026-02-04T18:35:49.389750+00:00,14435,3100,0,80,173,5180,3,20,10,15,15,15,0,
paranamer,2.8.3,com.thoughtworks.paranamer,paul-hammant,https://github.com/paul-hammant/paranamer,69,Undetermined,,False,Paranamer allows runtime access to constructor and method parameter names for Java classes,,,,,,,,No,No,Yes,No,"OpenSource, Freeware",N/A,,Yes,maven,DELIVERABLE,fc2bf6ac-4cf7-468c-81ab-876b48a784bb,2026-02-04T18:35:48.631862+00:00,233,36,16,0,27,5720,877,20,10,12,15,12,0,
jakarta.xml.bind-api,4.0.4,jakarta.xml.bind,Eclipse Foundation,https://github.com/jakartaee/jaxb-api,68,Undetermined,,True,Jakarta XML Binding API,,,,,,,,No,No,Yes,No,"OpenSource, Freeware",N/A,,Yes,maven,DELIVERABLE,08f2c4d5-74ce-4478-9cb8-b445ad4aeb2d,2026-02-04T18:35:48.707615+00:00,69,46,129,7,16,2716,21,16,7,15,15,15,0,
jakarta.activation-api,2.1.4,jakarta.activation,Eclipse Foundation,https://github.com/jakartaee/jaf-api,52,Undetermined,,False,Jakarta Activation API 2.1 Specification,,,,,,,,No,No,Yes,No,"OpenSource, Freeware",N/A,,Yes,maven,DELIVERABLE,90d701d8-8cae-4cff-afe7-0b0cdbd83570,2026-02-04T18:35:48.630362+00:00,40,34,56,8,14,2709,2973,12,4,12,15,9,0,
jandex,3.5.3,io.smallrye,smallrye,https://github.com/smallrye/jandex,75,True,,True,SmallRye Build Parent POM,,,,,,,,No,No,Yes,No,"OpenSource, Freeware",N/A,,Yes,maven,DELIVERABLE,c10b36e1-5868-483e-8f45-f09366fca380,2026-02-04T18:35:48.768671+00:00,437,100,117,87,88,5662,34,20,10,15,15,15,0,
javassist,3.30.2-GA,org.javassist,"Shigeru Chiba, www.javassist.org",https://github.com/jboss-javassist/javassist,73,True,,True,Javassist (JAVA programming ASSISTant) makes Java bytecode manipulation simple. It is a class library for editing bytecodes in Java.,,,,,,,,No,No,Yes,No,"OpenSource, Freeware",N/A,,Yes,maven,DELIVERABLE,85df923c-4d95-4aaf-b1be-f010330f2d2f,2026-02-04T18:35:48.735633+00:00,4230,720,154,24,57,4639,30,18,10,15,15,15,0,
jakarta.json-api,2.1.3,jakarta.json,Eclipse Foundation,https://github.com/eclipse-ee4j/jsonp,73,True,,True,"Jakarta JSON Processing defines a Java(R) based framework for parsing, generating, transforming, and querying JSON documents.",,,,,,,,No,No,Yes,No,"OpenSource, Freeware",N/A,,Yes,maven,DELIVERABLE,456ee29b-8035-48cf-a5e5-f3451130ec44,2026-02-04T18:35:48.745649+00:00,154,64,154,5,18,2948,535,18,10,15,15,15,0,
jakarta.json,2.0.1,org.glassfish,Eclipse Foundation,https://github.com/eclipse-ee4j/jsonp,73,True,,True,Default provider for Jakarta JSON Processing,,,,,,,,No,No,Yes,No,"OpenSource, Freeware",N/A,,Yes,maven,DELIVERABLE,456ee29b-8035-48cf-a5e5-f3451130ec44,2026-02-04T18:35:48.745649+00:00,154,64,154,5,18,2948,535,18,10,15,15,15,0,
jsqlparser,5.3,com.github.jsqlparser,JSQLParser,https://github.com/JSQLParser/JSqlParser,75,True,,True,JSqlParser parses an SQL statement and translate it into a hierarchy of Java classes. The generated hierarchy can be navigated using the Visitor Pattern.,,,,,,,,No,No,Yes,No,"OpenSource, Freeware",N/A,,Yes,maven,DELIVERABLE,eb4fad01-1507-4a1f-9655-594bcc492a37,2026-02-04T18:35:48.789685+00:00,5906,1422,1538,37,38,5340,42,20,10,15,15,15,0,
jmh-core,1.37,org.openjdk.jmh,Oracle,https://github.com/openjdk/jmh,75,True,,False,"The jmh is a Java harness for building, running, and analysing nano/micro/macro benchmarks written in Java and other languages targeting the JVM.",,,,,,,,No,No,Yes,No,"OpenSource, Freeware",N/A,,Yes,maven,DELIVERABLE,81392268-8287-4c1b-8463-2b2789fbe1b6,2026-02-04T18:35:48.756656+00:00,2575,327,0,0,102,2457,21,20,10,15,15,15,0,
commons-math3,3.6.1,org.apache.commons,The Apache Software Foundation,https://github.com/apache/commons-math,75,True,,False,"The Apache Commons Math project is a library of lightweight, self-contained mathematics and statistics components addressing the most common practical problems not immediately available in the Java programming language or commons-lang.",,,,,,,,No,No,Yes,No,"OpenSource, Freeware",N/A,,Yes,maven,DELIVERABLE,3c1e7585-e29a-4355-978b-753ee825b0c8,2026-02-04T18:35:47.111036+00:00,631,378,0,0,67,4137,127,20,10,15,15,15,0,
kafka_2.13,4.1.1,org.apache.kafka,apache,https://github.com/apache/kafka,75,True,,True,,,,,,,,,No,No,Yes,No,"OpenSource, Freeware",N/A,,Yes,maven,DELIVERABLE,5364cd54-c31f-4d4a-b966-71f3ba05a1b5,2026-02-04T18:35:48.695106+00:00,31829,14939,0,0,287,5287,0,20,10,15,15,15,0,
kafka-clients,4.1.1,org.apache.kafka,apache,https://github.com/apache/kafka,75,True,,False,,,,,,,,,No,No,Yes,No,"OpenSource, Freeware",N/A,,Yes,maven,DELIVERABLE,5364cd54-c31f-4d4a-b966-71f3ba05a1b5,2026-02-04T18:35:48.695106+00:00,31829,14939,0,0,287,5287,0,20,10,15,15,15,0,
zstd-jni,1.5.6-10,com.github.luben,com.github.luben,https://github.com/luben/zstd-jni,75,True,,False,JNI bindings for Zstd native library that provides fast and high compression lossless algorithm for Java and all JVM languages.,,,,,,,,No,No,Yes,No,"OpenSource, Freeware",N/A,,Yes,maven,DELIVERABLE,bed34dd2-ce7a-4bac-a511-97ac7aab953b,2026-02-04T18:35:48.736634+00:00,1002,196,254,0,111,3997,1,20,10,15,15,15,0,
lz4-java,1.8.0,org.lz4,lz4,https://github.com/lz4/lz4-java,71,True,,False,Java ports and bindings of the LZ4 compression algorithm and the xxHash hashing algorithm,,,,,,,,No,No,Yes,No,"OpenSource, Freeware",N/A,,Yes,maven,DELIVERABLE,81c3387b-fc0f-4eda-9845-45c5949f231a,2026-02-04T18:35:48.748657+00:00,1174,281,112,8,11,4949,179,16,10,15,15,15,0,
snappy-java,1.1.10.7,org.xerial.snappy,xerial.org,https://github.com/xerial/snappy-java,75,True,,False,snappy-java: A fast compression/decompression library,,,,,,,,No,No,Yes,No,"OpenSource, Freeware",N/A,,Yes,maven,DELIVERABLE,1ec4491f-4208-4bfd-b8a6-76f3aa260de4,2026-02-04T18:35:48.856814+00:00,1079,252,184,27,82,4900,117,20,10,15,15,15,0,
kafka-server-common,4.1.1,org.apache.kafka,apache,https://github.com/apache/kafka,75,True,,False,,,,,,,,,No,No,Yes,No,"OpenSource, Freeware",N/A,,Yes,maven,DELIVERABLE,5364cd54-c31f-4d4a-b966-71f3ba05a1b5,2026-02-04T18:35:48.695106+00:00,31829,14939,0,0,287,5287,0,20,10,15,15,15,0,
pcollections,4.0.2,org.pcollections,hrldcpr,https://github.com/hrldcpr/pcollections,72,True,,False,A Persistent Java Collections Library,,,,,,,,No,No,Yes,No,"OpenSource, Freeware",N/A,,Yes,maven,DELIVERABLE,4b616bdd-6d64-4247-b451-a580653c3912,2026-02-04T18:35:48.796770+00:00,784,82,53,0,27,4339,1207,20,10,15,15,12,0,
kafka-group-coordinator-api,4.1.1,org.apache.kafka,apache,https://github.com/apache/kafka,75,True,,False,,,,,,,,,No,No,Yes,No,"OpenSource, Freeware",N/A,,Yes,maven,DELIVERABLE,5364cd54-c31f-4d4a-b966-71f3ba05a1b5,2026-02-04T18:35:48.695106+00:00,31829,14939,0,0,287,5287,0,20,10,15,15,15,0,
kafka-group-coordinator,4.1.1,org.apache.kafka,apache,https://github.com/apache/kafka,75,True,,False,,,,,,,,,No,No,Yes,No,"OpenSource, Freeware",N/A,,Yes,maven,DELIVERABLE,5364cd54-c31f-4d4a-b966-71f3ba05a1b5,2026-02-04T18:35:48.695106+00:00,31829,14939,0,0,287,5287,0,20,10,15,15,15,0,
HdrHistogram,2.2.2,org.hdrhistogram,HdrHistogram,https://github.com/HdrHistogram/HdrHistogram,71,True,,False,"HdrHistogram supports the recording and analyzing sampled data value counts across a configurable integer value range with configurable value precision within the range. Value precision is expressed as the number of significant digits in the value recording, and provides control over value quantization behavior across the value range and the subsequent value resolution at any given level.",,,,,,,,No,No,Yes,No,"OpenSource, Freeware",N/A,,Yes,maven,DELIVERABLE,c539c518-5b2c-4371-98e1-41a21fecef2f,2026-02-04T18:35:47.230748+00:00,2350,268,105,3,28,4895,110,16,10,15,15,15,0,
hash4j,0.22.0,com.dynatrace.hash4j,dynatrace-oss,https://github.com/dynatrace-oss/hash4j,68,Undetermined,,False,hash4j: A Dynatrace hash library for Java,,,,,,,,No,No,Yes,No,"OpenSource, Freeware",N/A,,Yes,maven,DELIVERABLE,7ffd486a-c05b-4b9a-9159-f58b9aa1ad3d,2026-02-04T18:35:48.883837+00:00,136,15,19,36,36,1470,126,20,10,8,15,15,0,
kafka-transaction-coordinator,4.1.1,org.apache.kafka,apache,https://github.com/apache/kafka,75,True,,False,,,,,,,,,No,No,Yes,No,"OpenSource, Freeware",N/A,,Yes,maven,DELIVERABLE,5364cd54-c31f-4d4a-b966-71f3ba05a1b5,2026-02-04T18:35:48.695106+00:00,31829,14939,0,0,287,5287,0,20,10,15,15,15,0,
kafka-metadata,4.1.1,org.apache.kafka,apache,https://github.com/apache/kafka,75,True,,False,,,,,,,,,No,No,Yes,No,"OpenSource, Freeware",N/A,,Yes,maven,DELIVERABLE,5364cd54-c31f-4d4a-b966-71f3ba05a1b5,2026-02-04T18:35:48.695106+00:00,31829,14939,0,0,287,5287,0,20,10,15,15,15,0,
kafka-storage-api,4.1.1,org.apache.kafka,apache,https://github.com/apache/kafka,75,True,,False,,,,,,,,,No,No,Yes,No,"OpenSource, Freeware",N/A,,Yes,maven,DELIVERABLE,5364cd54-c31f-4d4a-b966-71f3ba05a1b5,2026-02-04T18:35:48.695106+00:00,31829,14939,0,0,287,5287,0,20,10,15,15,15,0,
kafka-tools-api,4.1.1,org.apache.kafka,apache,https://github.com/apache/kafka,75,True,,False,,,,,,,,,No,No,Yes,No,"OpenSource, Freeware",N/A,,Yes,maven,DELIVERABLE,5364cd54-c31f-4d4a-b966-71f3ba05a1b5,2026-02-04T18:35:48.695106+00:00,31829,14939,0,0,287,5287,0,20,10,15,15,15,0,
kafka-raft,4.1.1,org.apache.kafka,apache,https://github.com/apache/kafka,75,True,,False,,,,,,,,,No,No,Yes,No,"OpenSource, Freeware",N/A,,Yes,maven,DELIVERABLE,5364cd54-c31f-4d4a-b966-71f3ba05a1b5,2026-02-04T18:35:48.695106+00:00,31829,14939,0,0,287,5287,0,20,10,15,15,15,0,
kafka-storage,4.1.1,org.apache.kafka,apache,https://github.com/apache/kafka,75,True,,False,,,,,,,,,No,No,Yes,No,"OpenSource, Freeware",N/A,,Yes,maven,DELIVERABLE,5364cd54-c31f-4d4a-b966-71f3ba05a1b5,2026-02-04T18:35:48.695106+00:00,31829,14939,0,0,287,5287,0,20,10,15,15,15,0,
caffeine,3.2.0,com.github.ben-manes.caffeine,ben-manes,https://github.com/ben-manes/caffeine,75,True,,False,A high performance caching library,,,,,,,,No,No,Yes,No,"OpenSource, Freeware",N/A,,Yes,maven,DELIVERABLE,44cfa21c-9bd1-4234-94dc-5b6787930fd2,2026-02-04T18:35:47.324820+00:00,17447,1685,769,72,72,4071,3,20,10,15,15,15,0,
kafka-server,4.1.1,org.apache.kafka,apache,https://github.com/apache/kafka,75,True,,False,,,,,,,,,No,No,Yes,No,"OpenSource, Freeware",N/A,,Yes,maven,DELIVERABLE,5364cd54-c31f-4d4a-b966-71f3ba05a1b5,2026-02-04T18:35:48.695106+00:00,31829,14939,0,0,287,5287,0,20,10,15,15,15,0,
kafka-coordinator-common,4.1.1,org.apache.kafka,apache,https://github.com/apache/kafka,75,True,,False,,,,,,,,,No,No,Yes,No,"OpenSource, Freeware",N/A,,Yes,maven,DELIVERABLE,5364cd54-c31f-4d4a-b966-71f3ba05a1b5,2026-02-04T18:35:48.695106+00:00,31829,14939,0,0,287,5287,0,20,10,15,15,15,0,
kafka-share-coordinator,4.1.1,org.apache.kafka,apache,https://github.com/apache/kafka,75,True,,False,,,,,,,,,No,No,Yes,No,"OpenSource, Freeware",N/A,,Yes,maven,DELIVERABLE,5364cd54-c31f-4d4a-b966-71f3ba05a1b5,2026-02-04T18:35:48.695106+00:00,31829,14939,0,0,287,5287,0,20,10,15,15,15,0,
argparse4j,0.7.0,net.sourceforge.argparse4j,tatsuhiro-t,https://github.com/tatsuhiro-t/argparse4j,67,Undetermined,,False,The command-line parser library based on Python's argparse,,,,,,,,No,No,Yes,No,"OpenSource, Freeware",N/A,,Yes,maven,DELIVERABLE,c5968332-b867-4b13-b3ed-183b0ed1d17a,2026-02-04T18:35:48.765165+00:00,257,55,65,5,18,5184,677,12,10,15,15,15,0,
commons-validator,1.9.0,commons-validator,The Apache Software Foundation,https://github.com/apache/commons-validator,75,True,,False,Apache Commons Validator provides the building blocks for both client side validation and server side data validation. It may be used standalone or with a framework like Struts.,,,,,,,,No,No,Yes,No,"OpenSource, Freeware",N/A,,Yes,maven,DELIVERABLE,f4ed59b4-5b6c-4a55-8d20-af1970ce22bb,2026-02-04T18:35:48.755656+00:00,220,169,0,0,53,5610,166,20,10,15,15,15,0,
commons-beanutils,1.9.4,commons-beanutils,The Apache Software Foundation,https://github.com/apache/commons-beanutils,75,True,,False,Apache Commons BeanUtils provides an easy-to-use but flexible wrapper around reflection and introspection.,,,,,,,,No,No,Yes,No,"OpenSource, Freeware",N/A,,Yes,maven,DELIVERABLE,32901a65-0b82-4a34-8763-fdd2e2392112,2026-02-04T18:35:48.725126+00:00,313,221,0,0,54,4620,166,20,10,15,15,15,0,
commons-digester,2.1,commons-digester,The Apache Software Foundation,https://github.com/apache/commons-digester,71,True,,False,The Digester package lets you configure an XML to Java object mapping module which triggers certain actions called rules whenever a particular pattern of nested XML elements is recognized.,,,,,,,,No,No,Yes,No,"OpenSource, Freeware",N/A,,Yes,maven,DELIVERABLE,07f64ee8-0d6c-401c-a6d0-abc5ee3c0574,2026-02-04T18:35:48.825791+00:00,59,45,0,0,45,4590,166,20,6,15,15,15,0,
commons-collections,3.2.2,commons-collections,The Apache Software Foundation,https://github.com/apache/commons-collections,75,True,,False,Types that extend and augment the Java Collections Framework.,,,,,,,,No,No,Yes,No,"OpenSource, Freeware",N/A,,Yes,maven,DELIVERABLE,ad6aad99-c9ae-4718-a52b-dd8275b56d33,2026-02-04T18:35:47.373361+00:00,716,507,0,0,57,6104,140,20,10,15,15,15,0,
jopt-simple,5.0.4,net.sf.jopt-simple,jopt-simple,https://github.com/jopt-simple/jopt-simple,72,True,,False,A Java library for parsing command line options,,,,,,,,No,No,Yes,No,"OpenSource, Freeware",N/A,,Yes,maven,DELIVERABLE,172fac4b-1bd4-44b3-9a14-d457cd18dfb3,2026-02-04T18:35:47.440924+00:00,359,71,88,0,27,5417,969,20,10,15,15,12,0,
jose4j,0.9.6,org.bitbucket.b_c,,,,,,False,"The jose.4.j library is a robust and easy to use open source implementation of JSON Web Token (JWT) and the JOSE specification suite (JWS, JWE, and JWK). It is written in Java and relies solely on the JCA APIs for cryptography. Please see https://bitbucket.org/b_c/jose4j/wiki/Home for more info, examples, etc..",,,,,,,,No,No,Yes,No,"OpenSource, Freeware",N/A,,Yes,maven,DELIVERABLE,,,,,,,,,,,,,,,,
metrics-core,2.2.0,com.yammer.metrics,codahale,https://github.com/codahale/metrics,57,Undetermined,,False,Yammer's Metrics library.,,,,,,,,No,No,Yes,No,"OpenSource, Freeware",N/A,,Yes,maven,DELIVERABLE,63804281-6a28-4795-a150-91f232651f02,2026-02-04T18:35:47.550529+00:00,448,46,6,0,0,4183,470,2,10,15,15,15,0,
scala-logging_2.13,3.9.5,com.typesafe.scala-logging,com.typesafe.scala-logging,https://github.com/lightbend/scala-logging,71,True,,False,scala-logging,,,,,,,,No,No,Yes,No,"OpenSource, Freeware",N/A,,Yes,maven,DELIVERABLE,1479c8fc-b36b-45ed-b692-0b0b59cfea5d,2026-02-04T18:35:47.688275+00:00,924,130,104,8,22,4586,138,16,10,15,15,15,0,
slf4j-api,2.0.17,org.slf4j,QOS.ch,https://github.com/qos-ch/slf4j,61,Undetermined,,False,The slf4j API,,,,,,,,No,No,Yes,No,"OpenSource, Freeware",N/A,,Yes,maven,DELIVERABLE,5b880371-13f8-4841-9462-18ec1ff5d490,2026-02-04T18:35:47.698283+00:00,2480,1013,26,1,103,6012,16,6,10,15,15,15,0,
re2j,1.8,com.google.re2j,google,https://github.com/google/re2j,73,True,,False,Linear time regular expressions for Java,,,,,,,,No,No,Yes,No,"OpenSource, Freeware",N/A,,Yes,maven,DELIVERABLE,627977e0-e46a-4304-8c2d-979d1f00db62,2026-02-04T18:35:47.851918+00:00,1242,164,36,9,9,4005,4,8,10,15,15,15,10,google
micrometer-registry-prometheus,1.16.1,io.micrometer,micrometer-metrics,https://github.com/micrometer-metrics/micrometer,75,True,,True,"MeterRegistry implementation for Prometheus using io.prometheus:prometheus-metrics-core. If you have compatibility issues with this module, you can go back to io.micrometer:micrometer-registry-prometheus-simpleclient that uses io.prometheus:simpleclient_common.",,,,,,,,No,No,Yes,No,"OpenSource, Freeware",N/A,,Yes,maven,DELIVERABLE,ca50dfaf-637d-455b-8d3e-76ee04d7474c,2026-02-04T18:35:48.232747+00:00,4798,1072,2514,285,294,3222,21,20,10,15,15,15,0,
jspecify,1.0.0,org.jspecify,jspecify,https://github.com/jspecify/jspecify,75,True,,False,An artifact of well-named and well-specified annotations to power static analysis checks,,,,,,,,No,No,Yes,No,"OpenSource, Freeware",N/A,,Yes,maven,DELIVERABLE,6844259c-6a15-41af-b996-66c9c07c221c,2026-02-04T18:35:47.920970+00:00,1046,41,238,7,8,2697,9,20,10,15,15,15,0,
micrometer-core,1.16.1,io.micrometer,micrometer-metrics,https://github.com/micrometer-metrics/micrometer,75,True,,False,Core module of Micrometer containing instrumentation API and implementation,,,,,,,,No,No,Yes,No,"OpenSource, Freeware",N/A,,Yes,maven,DELIVERABLE,ca50dfaf-637d-455b-8d3e-76ee04d7474c,2026-02-04T18:35:48.232747+00:00,4798,1072,2514,285,294,3222,21,20,10,15,15,15,0,
micrometer-commons,1.16.1,io.micrometer,micrometer-metrics,https://github.com/micrometer-metrics/micrometer,75,True,,False,Module containing common code,,,,,,,,No,No,Yes,No,"OpenSource, Freeware",N/A,,Yes,maven,DELIVERABLE,ca50dfaf-637d-455b-8d3e-76ee04d7474c,2026-02-04T18:35:48.232747+00:00,4798,1072,2514,285,294,3222,21,20,10,15,15,15,0,
LatencyUtils,2.0.3,org.latencyutils,LatencyUtils,https://github.com/LatencyUtils/LatencyUtils,63,Undetermined,,False,LatencyUtils is a package that provides latency recording and reporting utilities.,,,,,,,,No,No,Yes,No,"OpenSource, Freeware",N/A,,Yes,maven,DELIVERABLE,1bd48329-9ade-4109-905f-3fea9e7b8ea6,2026-02-04T18:35:48.145662+00:00,466,61,5,0,9,4504,6,8,10,15,15,15,0,
prometheus-metrics-core,1.4.3,io.prometheus,prometheus,https://github.com/prometheus/client_java,75,True,,False,Core Prometheus metric types,,,,,,,,No,No,Yes,No,"OpenSource, Freeware",N/A,,Yes,maven,DELIVERABLE,88178e5b-b406-4fdf-b6e8-e159934a35cb,2026-02-04T18:35:48.245758+00:00,2263,831,364,59,70,4749,6,20,10,15,15,15,0,
prometheus-metrics-model,1.4.3,io.prometheus,prometheus,https://github.com/prometheus/client_java,75,True,,False,Data model for read-only immutable Prometheus metrics snapshots.,,,,,,,,No,No,Yes,No,"OpenSource, Freeware",N/A,,Yes,maven,DELIVERABLE,88178e5b-b406-4fdf-b6e8-e159934a35cb,2026-02-04T18:35:48.245758+00:00,2263,831,364,59,70,4749,6,20,10,15,15,15,0,
prometheus-metrics-config,1.4.3,io.prometheus,prometheus,https://github.com/prometheus/client_java,75,True,,False,Configuration for Prometheus metrics and exposition formats.,,,,,,,,No,No,Yes,No,"OpenSource, Freeware",N/A,,Yes,maven,DELIVERABLE,88178e5b-b406-4fdf-b6e8-e159934a35cb,2026-02-04T18:35:48.245758+00:00,2263,831,364,59,70,4749,6,20,10,15,15,15,0,
prometheus-metrics-tracer-common,1.4.3,io.prometheus,prometheus,https://github.com/prometheus/client_java,75,True,,False,Common Module for Prometheus integrations with distributed tracing libraries.,,,,,,,,No,No,Yes,No,"OpenSource, Freeware",N/A,,Yes,maven,DELIVERABLE,88178e5b-b406-4fdf-b6e8-e159934a35cb,2026-02-04T18:35:48.245758+00:00,2263,831,364,59,70,4749,6,20,10,15,15,15,0,
prometheus-metrics-exposition-formats,1.4.3,io.prometheus,prometheus,https://github.com/prometheus/client_java,75,True,,False,Prometheus exposition formats.,,,,,,,,No,No,Yes,No,"OpenSource, Freeware",N/A,,Yes,maven,DELIVERABLE,88178e5b-b406-4fdf-b6e8-e159934a35cb,2026-02-04T18:35:48.245758+00:00,2263,831,364,59,70,4749,6,20,10,15,15,15,0,
prometheus-metrics-exposition-textformats,1.4.3,io.prometheus,prometheus,https://github.com/prometheus/client_java,75,True,,False,Prometheus exposition text formats.,,,,,,,,No,No,Yes,No,"OpenSource, Freeware",N/A,,Yes,maven,DELIVERABLE,88178e5b-b406-4fdf-b6e8-e159934a35cb,2026-02-04T18:35:48.245758+00:00,2263,831,364,59,70,4749,6,20,10,15,15,15,0,
mssql-jdbc,13.2.1.jre11,com.microsoft.sqlserver,Microsoft Corporation,https://github.com/Microsoft/mssql-jdbc,85,True,,True,Microsoft JDBC Driver for SQL Server.,,,,,,,,No,No,Yes,No,"OpenSource, Freeware",N/A,,Yes,maven,DELIVERABLE,ceedefb8-2a2e-4daa-b0f1-58821f199085,2026-02-04T18:35:48.504298+00:00,1116,459,948,101,103,3453,38,20,10,15,15,15,10,microsoft
okhttp,5.3.2,com.squareup.okhttp3,square,https://github.com/square/okhttp,75,True,,True,Squareâ€™s meticulous HTTP client for Java and Kotlin.,,,,,,,,No,No,Yes,No,"OpenSource, Freeware",N/A,,Yes,maven,DELIVERABLE,cd4ae4ee-cbb5-4c39-b56b-62d75904c53a,2026-02-04T18:35:48.658375+00:00,46859,9259,4175,0,140,4944,1,20,10,15,15,15,0,
okio,3.16.4,com.squareup.okio,square,https://github.com/square/okio,75,True,,False,"A modern I/O library for Android, Java, and Kotlin Multiplatform.",,,,,,,,No,No,Yes,No,"OpenSource, Freeware",N/A,,Yes,maven,DELIVERABLE,5576ac0f-364d-4c2c-8a47-fdd66e37b18a,2026-02-04T18:35:48.504796+00:00,8980,1214,454,0,85,4343,6,20,10,15,15,15,0,
okio-jvm,3.16.4,com.squareup.okio,square,https://github.com/square/okio,75,True,,False,"A modern I/O library for Android, Java, and Kotlin Multiplatform.",,,,,,,,No,No,Yes,No,"OpenSource, Freeware",N/A,,Yes,maven,DELIVERABLE,5576ac0f-364d-4c2c-8a47-fdd66e37b18a,2026-02-04T18:35:48.504796+00:00,8980,1214,454,0,85,4343,6,20,10,15,15,15,0,
plexus-component-annotations,2.2.0,org.codehaus.plexus,Codehaus Plexus,https://github.com/codehaus-plexus/plexus-containers,37,False,,True,"Plexus Component Java Annotations, to describe plexus components properties in java sources with standard annotations instead of javadoc annotations.",,,,,,,,No,No,Yes,No,"OpenSource, Freeware",N/A,,Yes,maven,DELIVERABLE,084567d3-ebb1-460c-9ba1-09ded0c606f2,2026-02-04T18:35:48.762164+00:00,7,11,25,2,80,4026,4207,6,1,6,15,9,0,
plexus-utils,4.0.2,org.codehaus.plexus,Codehaus Plexus,https://github.com/codehaus-plexus/plexus-utils,61,Undetermined,,True,"A collection of various utility classes to ease working with strings, files, command lines and more.",,,,,,,,No,No,Yes,No,"OpenSource, Freeware",N/A,,Yes,maven,DELIVERABLE,1ad47482-318d-40db-9c1a-8b46c090fabc,2026-02-04T18:35:48.783179+00:00,37,43,74,9,75,4026,36,12,4,15,15,15,0,
poi-ooxml,5.5.1,org.apache.poi,Apache Software Foundation,https://github.com/apache/poi,75,True,,True,Apache POI - Java API To Access Microsoft Format Files,,,,,,,,No,No,Yes,No,"OpenSource, Freeware",N/A,,Yes,maven,DELIVERABLE,1f3be318-c482-4827-81ea-2a2c25fbdf6b,2026-02-04T18:35:48.856315+00:00,2188,813,19,0,105,6104,39,20,10,15,15,15,0,
poi,5.5.1,org.apache.poi,Apache Software Foundation,https://github.com/apache/poi,75,True,,False,Apache POI - Java API To Access Microsoft Format Files,,,,,,,,No,No,Yes,No,"OpenSource, Freeware",N/A,,Yes,maven,DELIVERABLE,1f3be318-c482-4827-81ea-2a2c25fbdf6b,2026-02-04T18:35:48.856315+00:00,2188,813,19,0,105,6104,39,20,10,15,15,15,0,
SparseBitSet,1.3,com.zaxxer,Zaxxer.com,https://github.com/brettwooldridge/SparseBitSet,55,Undetermined,,False,An efficient sparse bitset implementation for Java,,,,,,,,No,No,Yes,No,"OpenSource, Freeware",N/A,,Yes,maven,DELIVERABLE,fe77973c-6926-4c52-83a4-a864cd4b04b9,2026-02-04T18:35:49.158882+00:00,268,36,7,0,4,4721,1378,6,10,12,15,12,0,
poi-ooxml-lite,5.5.1,org.apache.poi,Apache Software Foundation,https://github.com/apache/poi,75,True,,False,Apache POI - Java API To Access Microsoft Format Files,,,,,,,,No,No,Yes,No,"OpenSource, Freeware",N/A,,Yes,maven,DELIVERABLE,1f3be318-c482-4827-81ea-2a2c25fbdf6b,2026-02-04T18:35:48.856315+00:00,2188,813,19,0,105,6104,39,20,10,15,15,15,0,
xmlbeans,5.3.0,org.apache.xmlbeans,XmlBeans,https://github.com/apache/xmlbeans,71,True,,False,XmlBeans main jar,,,,,,,,No,No,Yes,No,"OpenSource, Freeware",N/A,,Yes,maven,DELIVERABLE,2a4fe7c0-16f2-42c1-b555-65615245bb39,2026-02-04T18:35:49.144376+00:00,58,64,0,0,49,6026,566,20,6,15,15,15,0,
commons-io,2.21.0,commons-io,The Apache Software Foundation,https://github.com/apache/commons-io,75,True,,False,"The Apache Commons IO library contains utility classes, stream implementations, file filters, file comparators, endian transformation classes, and much more.",,,,,,,,No,No,Yes,No,"OpenSource, Freeware",N/A,,Yes,maven,DELIVERABLE,566e0721-6ffa-405d-88cc-953366a8802f,2026-02-04T18:35:48.910360+00:00,1063,712,0,0,91,6104,54,20,10,15,15,15,0,
curvesapi,1.08,com.github.virtuald,virtuald,https://github.com/virtuald/curvesapi,50,Undetermined,,False,"Implementation of various mathematical curves that define themselves over a set of control points. The API is written in Java. The curves supported are: Bezier, B-Spline, Cardinal Spline, Catmull-Rom Spline, Lagrange, Natural Cubic Spline, and NURBS.",,,,,,,,No,No,Yes,No,"OpenSource, Freeware",N/A,,Yes,maven,DELIVERABLE,ffd1e2e1-3f32-4479-a841-cc59e8dbc377,2026-02-04T18:35:49.253225+00:00,31,18,5,0,9,4001,93,8,3,9,15,15,0,
log4j-api,2.25.3,org.apache.logging.log4j,The Apache Software Foundation,https://github.com/apache/logging-log4j2,75,True,,False,"The logging API of the Log4j project. Library and application code can log through this API. It contains a simple built-in implementation (`SimpleLogger`) for trivial use cases. Production applications are recommended to use Log4j API in combination with a fully-fledged implementation, such as Log4j Core.",,,,,,,,No,No,Yes,No,"OpenSource, Freeware",N/A,,Yes,maven,DELIVERABLE,ef5ff524-7f7e-4b52-8514-8f7e099be651,2026-02-04T18:35:49.088972+00:00,3579,1706,486,17,156,4620,17,20,10,15,15,15,0,
commons-collections4,4.5.0,org.apache.commons,The Apache Software Foundation,https://github.com/apache/commons-collections,75,True,,False,The Apache Commons Collections package contains types that extend and augment the Java Collections Framework.,,,,,,,,No,No,Yes,No,"OpenSource, Freeware",N/A,,Yes,maven,DELIVERABLE,ad6aad99-c9ae-4718-a52b-dd8275b56d33,2026-02-04T18:35:47.373361+00:00,716,507,0,0,57,6104,140,20,10,15,15,15,0,
spring-boot-starter-actuator,4.0.1,org.springframework.boot,"VMware, Inc.",https://github.com/spring-projects/spring-boot,85,True,,True,Starter for using Spring Boot's Actuator which provides production ready features to help you monitor and manage your application,,,,,,,,No,No,Yes,No,"OpenSource, Freeware",N/A,,Yes,maven,DELIVERABLE,12186dca-7b89-42aa-8c4a-67ca1dadfba2,2026-02-04T18:35:49.422814+00:00,79834,41852,40605,336,375,4856,2,20,10,15,15,15,10,spring-projects
spring-boot-starter,4.0.1,org.springframework.boot,"VMware, Inc.",https://github.com/spring-projects/spring-boot,85,True,,False,"Core starter, including auto-configuration support, logging and YAML",,,,,,,,No,No,Yes,No,"OpenSource, Freeware",N/A,,Yes,maven,DELIVERABLE,12186dca-7b89-42aa-8c4a-67ca1dadfba2,2026-02-04T18:35:49.422814+00:00,79834,41852,40605,336,375,4856,2,20,10,15,15,15,10,spring-projects
spring-boot-starter-logging,4.0.1,org.springframework.boot,"VMware, Inc.",https://github.com/spring-projects/spring-boot,85,True,,False,Starter for logging default logging,,,,,,,,No,No,Yes,No,"OpenSource, Freeware",N/A,,Yes,maven,DELIVERABLE,12186dca-7b89-42aa-8c4a-67ca1dadfba2,2026-02-04T18:35:49.422814+00:00,79834,41852,40605,336,375,4856,2,20,10,15,15,15,10,spring-projects
logback-classic,1.5.22,ch.qos.logback,QOS.ch,https://github.com/qos-ch/logback,67,Undetermined,,False,logback-classic module,,,,,,,,No,No,Yes,No,"OpenSource, Freeware",N/A,,Yes,maven,DELIVERABLE,be93633c-470f-4814-9695-bd553ceb6fb0,2026-02-04T18:35:49.130360+00:00,3206,1351,89,12,156,6012,16,12,10,15,15,15,0,
logback-core,1.5.22,ch.qos.logback,QOS.ch,https://github.com/qos-ch/logback,67,Undetermined,,False,logback-core module,,,,,,,,No,No,Yes,No,"OpenSource, Freeware",N/A,,Yes,maven,DELIVERABLE,be93633c-470f-4814-9695-bd553ceb6fb0,2026-02-04T18:35:49.130360+00:00,3206,1351,89,12,156,6012,16,12,10,15,15,15,0,
log4j-to-slf4j,2.25.3,org.apache.logging.log4j,The Apache Software Foundation,https://github.com/apache/logging-log4j2,75,True,,False,Forwards the Log4j API calls to SLF4J. (Refer to the `log4j-slf4j[2]-impl` artifacts for forwarding SLF4J to the Log4j API.),,,,,,,,No,No,Yes,No,"OpenSource, Freeware",N/A,,Yes,maven,DELIVERABLE,ef5ff524-7f7e-4b52-8514-8f7e099be651,2026-02-04T18:35:49.088972+00:00,3579,1706,486,17,156,4620,17,20,10,15,15,15,0,
jul-to-slf4j,2.0.17,org.slf4j,QOS.ch,https://github.com/qos-ch/slf4j,61,Undetermined,,False,JUL to SLF4J bridge,,,,,,,,No,No,Yes,No,"OpenSource, Freeware",N/A,,Yes,maven,DELIVERABLE,5b880371-13f8-4841-9462-18ec1ff5d490,2026-02-04T18:35:47.698283+00:00,2480,1013,26,1,103,6012,16,6,10,15,15,15,0,
spring-boot-autoconfigure,4.0.1,org.springframework.boot,"VMware, Inc.",https://github.com/spring-projects/spring-boot,85,True,,False,Spring Boot AutoConfigure,,,,,,,,No,No,Yes,No,"OpenSource, Freeware",N/A,,Yes,maven,DELIVERABLE,12186dca-7b89-42aa-8c4a-67ca1dadfba2,2026-02-04T18:35:49.422814+00:00,79834,41852,40605,336,375,4856,2,20,10,15,15,15,10,spring-projects
jakarta.annotation-api,3.0.0,jakarta.annotation,Eclipse Foundation,https://github.com/jakartaee/common-annotations-api,58,Undetermined,,False,Jakarta Annotations API,,,,,,,,No,No,Yes,No,"OpenSource, Freeware",N/A,,Yes,maven,DELIVERABLE,cd420033-3719-44db-8132-4765d3976ff3,2026-02-04T18:35:49.234737+00:00,65,42,51,0,11,2871,3180,12,7,15,15,9,0,
spring-boot-starter-micrometer-metrics,4.0.1,org.springframework.boot,"VMware, Inc.",https://github.com/spring-projects/spring-boot,85,True,,False,Starter for using Micrometer Metrics,,,,,,,,No,No,Yes,No,"OpenSource, Freeware",N/A,,Yes,maven,DELIVERABLE,12186dca-7b89-42aa-8c4a-67ca1dadfba2,2026-02-04T18:35:49.422814+00:00,79834,41852,40605,336,375,4856,2,20,10,15,15,15,10,spring-projects
spring-boot-micrometer-metrics,4.0.1,org.springframework.boot,"VMware, Inc.",https://github.com/spring-projects/spring-boot,85,True,,False,Spring Boot Metrics,,,,,,,,No,No,Yes,No,"OpenSource, Freeware",N/A,,Yes,maven,DELIVERABLE,12186dca-7b89-42aa-8c4a-67ca1dadfba2,2026-02-04T18:35:49.422814+00:00,79834,41852,40605,336,375,4856,2,20,10,15,15,15,10,spring-projects
spring-boot-micrometer-observation,4.0.1,org.springframework.boot,"VMware, Inc.",https://github.com/spring-projects/spring-boot,85,True,,False,Spring Boot Observation,,,,,,,,No,No,Yes,No,"OpenSource, Freeware",N/A,,Yes,maven,DELIVERABLE,12186dca-7b89-42aa-8c4a-67ca1dadfba2,2026-02-04T18:35:49.422814+00:00,79834,41852,40605,336,375,4856,2,20,10,15,15,15,10,spring-projects
spring-boot-actuator-autoconfigure,4.0.1,org.springframework.boot,"VMware, Inc.",https://github.com/spring-projects/spring-boot,85,True,,False,Spring Boot Actuator AutoConfigure,,,,,,,,No,No,Yes,No,"OpenSource, Freeware",N/A,,Yes,maven,DELIVERABLE,12186dca-7b89-42aa-8c4a-67ca1dadfba2,2026-02-04T18:35:49.422814+00:00,79834,41852,40605,336,375,4856,2,20,10,15,15,15,10,spring-projects
spring-boot-actuator,4.0.1,org.springframework.boot,"VMware, Inc.",https://github.com/spring-projects/spring-boot,85,True,,False,Spring Boot Actuator,,,,,,,,No,No,Yes,No,"OpenSource, Freeware",N/A,,Yes,maven,DELIVERABLE,12186dca-7b89-42aa-8c4a-67ca1dadfba2,2026-02-04T18:35:49.422814+00:00,79834,41852,40605,336,375,4856,2,20,10,15,15,15,10,spring-projects
spring-boot-health,4.0.1,org.springframework.boot,"VMware, Inc.",https://github.com/spring-projects/spring-boot,85,True,,False,Spring Boot Health,,,,,,,,No,No,Yes,No,"OpenSource, Freeware",N/A,,Yes,maven,DELIVERABLE,12186dca-7b89-42aa-8c4a-67ca1dadfba2,2026-02-04T18:35:49.422814+00:00,79834,41852,40605,336,375,4856,2,20,10,15,15,15,10,spring-projects
spring-boot,4.0.1,org.springframework.boot,"VMware, Inc.",https://github.com/spring-projects/spring-boot,85,True,,False,Spring Boot,,,,,,,,No,No,Yes,No,"OpenSource, Freeware",N/A,,Yes,maven,DELIVERABLE,12186dca-7b89-42aa-8c4a-67ca1dadfba2,2026-02-04T18:35:49.422814+00:00,79834,41852,40605,336,375,4856,2,20,10,15,15,15,10,spring-projects
micrometer-observation,1.16.1,io.micrometer,micrometer-metrics,https://github.com/micrometer-metrics/micrometer,75,True,,False,Module containing Observation related code,,,,,,,,No,No,Yes,No,"OpenSource, Freeware",N/A,,Yes,maven,DELIVERABLE,ca50dfaf-637d-455b-8d3e-76ee04d7474c,2026-02-04T18:35:48.232747+00:00,4798,1072,2514,285,294,3222,21,20,10,15,15,15,0,
micrometer-jakarta9,1.16.1,io.micrometer,micrometer-metrics,https://github.com/micrometer-metrics/micrometer,75,True,,False,Module for Jakarta 9+ based instrumentations,,,,,,,,No,No,Yes,No,"OpenSource, Freeware",N/A,,Yes,maven,DELIVERABLE,ca50dfaf-637d-455b-8d3e-76ee04d7474c,2026-02-04T18:35:48.232747+00:00,4798,1072,2514,285,294,3222,21,20,10,15,15,15,0,
spring-boot-starter-jdbc,4.0.1,org.springframework.boot,"VMware, Inc.",https://github.com/spring-projects/spring-boot,85,True,,True,Starter for using JDBC with the HikariCP connection pool,,,,,,,,No,No,Yes,No,"OpenSource, Freeware",N/A,,Yes,maven,DELIVERABLE,12186dca-7b89-42aa-8c4a-67ca1dadfba2,2026-02-04T18:35:49.422814+00:00,79834,41852,40605,336,375,4856,2,20,10,15,15,15,10,spring-projects
spring-boot-jdbc,4.0.1,org.springframework.boot,"VMware, Inc.",https://github.com/spring-projects/spring-boot,85,True,,False,Spring Boot JDBC,,,,,,,,No,No,Yes,No,"OpenSource, Freeware",N/A,,Yes,maven,DELIVERABLE,12186dca-7b89-42aa-8c4a-67ca1dadfba2,2026-02-04T18:35:49.422814+00:00,79834,41852,40605,336,375,4856,2,20,10,15,15,15,10,spring-projects
spring-boot-sql,4.0.1,org.springframework.boot,"VMware, Inc.",https://github.com/spring-projects/spring-boot,85,True,,False,Spring Boot SQL,,,,,,,,No,No,Yes,No,"OpenSource, Freeware",N/A,,Yes,maven,DELIVERABLE,12186dca-7b89-42aa-8c4a-67ca1dadfba2,2026-02-04T18:35:49.422814+00:00,79834,41852,40605,336,375,4856,2,20,10,15,15,15,10,spring-projects
spring-boot-transaction,4.0.1,org.springframework.boot,"VMware, Inc.",https://github.com/spring-projects/spring-boot,85,True,,False,Spring Boot Transaction,,,,,,,,No,No,Yes,No,"OpenSource, Freeware",N/A,,Yes,maven,DELIVERABLE,12186dca-7b89-42aa-8c4a-67ca1dadfba2,2026-02-04T18:35:49.422814+00:00,79834,41852,40605,336,375,4856,2,20,10,15,15,15,10,spring-projects
spring-boot-persistence,4.0.1,org.springframework.boot,"VMware, Inc.",https://github.com/spring-projects/spring-boot,85,True,,False,Spring Boot Persistence,,,,,,,,No,No,Yes,No,"OpenSource, Freeware",N/A,,Yes,maven,DELIVERABLE,12186dca-7b89-42aa-8c4a-67ca1dadfba2,2026-02-04T18:35:49.422814+00:00,79834,41852,40605,336,375,4856,2,20,10,15,15,15,10,spring-projects
spring-boot-starter-validation,4.0.1,org.springframework.boot,"VMware, Inc.",https://github.com/spring-projects/spring-boot,85,True,,True,Starter for using Java Bean Validation with Hibernate Validator,,,,,,,,No,No,Yes,No,"OpenSource, Freeware",N/A,,Yes,maven,DELIVERABLE,12186dca-7b89-42aa-8c4a-67ca1dadfba2,2026-02-04T18:35:49.422814+00:00,79834,41852,40605,336,375,4856,2,20,10,15,15,15,10,spring-projects
spring-boot-validation,4.0.1,org.springframework.boot,"VMware, Inc.",https://github.com/spring-projects/spring-boot,85,True,,False,Spring Boot Validation,,,,,,,,No,No,Yes,No,"OpenSource, Freeware",N/A,,Yes,maven,DELIVERABLE,12186dca-7b89-42aa-8c4a-67ca1dadfba2,2026-02-04T18:35:49.422814+00:00,79834,41852,40605,336,375,4856,2,20,10,15,15,15,10,spring-projects
tomcat-embed-el,11.0.15,org.apache.tomcat.embed,apache,https://github.com/apache/tomcat,75,True,,False,Core Tomcat implementation,,,,,,,,No,No,Yes,No,"OpenSource, Freeware",N/A,,Yes,maven,DELIVERABLE,641813ae-cc35-455c-8f39-842df203cc8b,2026-02-04T18:35:48.974472+00:00,8089,5338,0,0,514,5240,50,20,10,15,15,15,0,
hibernate-validator,9.0.1.Final,org.hibernate.validator,hibernate,https://github.com/hibernate/hibernate-validator,67,Undetermined,,False,Hibernate's Jakarta Validation reference implementation.,,,,,,,,No,No,Yes,No,"OpenSource, Freeware",N/A,,Yes,maven,DELIVERABLE,5960ae74-b698-4176-a90b-86ee205224b2,2026-02-04T18:35:49.141870+00:00,1260,587,0,1,150,5598,23,2,10,15,15,15,10,hibernate
jakarta.validation-api,3.1.1,jakarta.validation,Eclipse Foundation,https://github.com/jakartaee/validation,63,Undetermined,,False,Jakarta Validation API,,,,,,,,No,No,Yes,No,"OpenSource, Freeware",N/A,,Yes,maven,DELIVERABLE,d9c64688-786d-47eb-9b5d-b4bbe6da1cdc,2026-02-04T18:35:49.022973+00:00,156,65,44,5,30,5607,59,8,10,15,15,15,0,
jboss-logging,3.6.1.Final,org.jboss.logging,JBoss by Red Hat,https://github.com/jboss-logging/jboss-logging,57,Undetermined,,False,The JBoss Logging Framework,,,,,,,,No,No,Yes,No,"OpenSource, Freeware",N/A,,Yes,maven,DELIVERABLE,91191b4e-33d8-4e9a-a49b-7d74cdc49b98,2026-02-04T18:35:49.082117+00:00,42,76,0,11,37,5356,191,8,4,15,15,15,0,
spring-boot-starter-web,4.0.1,org.springframework.boot,"VMware, Inc.",https://github.com/spring-projects/spring-boot,85,True,,True,"Starter for building web, including RESTful, applications using Spring MVC. Uses Tomcat as the default embedded container (deprecated in favor of spring-boot-starter-webmvc)",,,,,,,,No,No,Yes,No,"OpenSource, Freeware",N/A,,Yes,maven,DELIVERABLE,12186dca-7b89-42aa-8c4a-67ca1dadfba2,2026-02-04T18:35:49.422814+00:00,79834,41852,40605,336,375,4856,2,20,10,15,15,15,10,spring-projects
spring-boot-starter-jackson,4.0.1,org.springframework.boot,"VMware, Inc.",https://github.com/spring-projects/spring-boot,85,True,,False,Starter for using Jackson,,,,,,,,No,No,Yes,No,"OpenSource, Freeware",N/A,,Yes,maven,DELIVERABLE,12186dca-7b89-42aa-8c4a-67ca1dadfba2,2026-02-04T18:35:49.422814+00:00,79834,41852,40605,336,375,4856,2,20,10,15,15,15,10,spring-projects
spring-boot-jackson,4.0.1,org.springframework.boot,"VMware, Inc.",https://github.com/spring-projects/spring-boot,85,True,,False,Spring Boot Jackson,,,,,,,,No,No,Yes,No,"OpenSource, Freeware",N/A,,Yes,maven,DELIVERABLE,12186dca-7b89-42aa-8c4a-67ca1dadfba2,2026-02-04T18:35:49.422814+00:00,79834,41852,40605,336,375,4856,2,20,10,15,15,15,10,spring-projects
jackson-databind,3.0.3,tools.jackson.core,FasterXML,https://github.com/FasterXML/jackson-databind,75,True,,False,General data-binding functionality for Jackson: works on core streaming API,,,,,,,,No,No,Yes,No,"OpenSource, Freeware",N/A,,Yes,maven,DELIVERABLE,22a2abc1-af01-4a57-91b6-39640f9150a6,2026-02-04T18:35:48.566638+00:00,3677,1462,3464,0,233,5157,0,20,10,15,15,15,0,
jackson-core,3.0.3,tools.jackson.core,FasterXML,https://github.com/FasterXML/jackson-core,75,True,,False,"Core Jackson processing abstractions (aka Streaming API), implementation for JSON",,,,,,,,No,No,Yes,No,"OpenSource, Freeware",N/A,,Yes,maven,DELIVERABLE,552fbef3-e435-492d-9fa2-60005ac484fa,2026-02-04T18:35:46.870027+00:00,2348,824,767,0,187,5158,48,20,10,15,15,15,0,
spring-boot-starter-tomcat,4.0.1,org.springframework.boot,"VMware, Inc.",https://github.com/spring-projects/spring-boot,85,True,,False,Starter for using Tomcat as the embedded servlet container,,,,,,,,No,No,Yes,No,"OpenSource, Freeware",N/A,,Yes,maven,DELIVERABLE,12186dca-7b89-42aa-8c4a-67ca1dadfba2,2026-02-04T18:35:49.422814+00:00,79834,41852,40605,336,375,4856,2,20,10,15,15,15,10,spring-projects
spring-boot-starter-tomcat-runtime,4.0.1,org.springframework.boot,"VMware, Inc.",https://github.com/spring-projects/spring-boot,85,True,,False,Starter for the Tomcat runtime,,,,,,,,No,No,Yes,No,"OpenSource, Freeware",N/A,,Yes,maven,DELIVERABLE,12186dca-7b89-42aa-8c4a-67ca1dadfba2,2026-02-04T18:35:49.422814+00:00,79834,41852,40605,336,375,4856,2,20,10,15,15,15,10,spring-projects
spring-boot-web-server,4.0.1,org.springframework.boot,"VMware, Inc.",https://github.com/spring-projects/spring-boot,85,True,,False,Spring Boot Web Server,,,,,,,,No,No,Yes,No,"OpenSource, Freeware",N/A,,Yes,maven,DELIVERABLE,12186dca-7b89-42aa-8c4a-67ca1dadfba2,2026-02-04T18:35:49.422814+00:00,79834,41852,40605,336,375,4856,2,20,10,15,15,15,10,spring-projects
tomcat-embed-core,11.0.15,org.apache.tomcat.embed,apache,https://github.com/apache/tomcat,75,True,,False,Core Tomcat implementation,,,,,,,,No,No,Yes,No,"OpenSource, Freeware",N/A,,Yes,maven,DELIVERABLE,641813ae-cc35-455c-8f39-842df203cc8b,2026-02-04T18:35:48.974472+00:00,8089,5338,0,0,514,5240,50,20,10,15,15,15,0,
tomcat-embed-websocket,11.0.15,org.apache.tomcat.embed,apache,https://github.com/apache/tomcat,75,True,,False,Core Tomcat implementation,,,,,,,,No,No,Yes,No,"OpenSource, Freeware",N/A,,Yes,maven,DELIVERABLE,641813ae-cc35-455c-8f39-842df203cc8b,2026-02-04T18:35:48.974472+00:00,8089,5338,0,0,514,5240,50,20,10,15,15,15,0,
spring-boot-tomcat,4.0.1,org.springframework.boot,"VMware, Inc.",https://github.com/spring-projects/spring-boot,85,True,,False,Spring Boot Tomcat,,,,,,,,No,No,Yes,No,"OpenSource, Freeware",N/A,,Yes,maven,DELIVERABLE,12186dca-7b89-42aa-8c4a-67ca1dadfba2,2026-02-04T18:35:49.422814+00:00,79834,41852,40605,336,375,4856,2,20,10,15,15,15,10,spring-projects
spring-boot-http-converter,4.0.1,org.springframework.boot,"VMware, Inc.",https://github.com/spring-projects/spring-boot,85,True,,False,Spring Boot HTTP Converter,,,,,,,,No,No,Yes,No,"OpenSource, Freeware",N/A,,Yes,maven,DELIVERABLE,12186dca-7b89-42aa-8c4a-67ca1dadfba2,2026-02-04T18:35:49.422814+00:00,79834,41852,40605,336,375,4856,2,20,10,15,15,15,10,spring-projects
spring-boot-webmvc,4.0.1,org.springframework.boot,"VMware, Inc.",https://github.com/spring-projects/spring-boot,85,True,,False,Spring Boot Web MVC,,,,,,,,No,No,Yes,No,"OpenSource, Freeware",N/A,,Yes,maven,DELIVERABLE,12186dca-7b89-42aa-8c4a-67ca1dadfba2,2026-02-04T18:35:49.422814+00:00,79834,41852,40605,336,375,4856,2,20,10,15,15,15,10,spring-projects
spring-boot-servlet,4.0.1,org.springframework.boot,"VMware, Inc.",https://github.com/spring-projects/spring-boot,85,True,,False,Spring Boot Servlet,,,,,,,,No,No,Yes,No,"OpenSource, Freeware",N/A,,Yes,maven,DELIVERABLE,12186dca-7b89-42aa-8c4a-67ca1dadfba2,2026-02-04T18:35:49.422814+00:00,79834,41852,40605,336,375,4856,2,20,10,15,15,15,10,spring-projects
spring-webmvc,7.0.2,org.springframework,Spring IO,https://github.com/spring-projects/spring-framework,85,True,,False,Spring Web MVC,,,,,,,,No,No,Yes,No,"OpenSource, Freeware",N/A,,Yes,maven,DELIVERABLE,ffc8a5e1-0835-4cb1-8961-ecb9b247341b,2026-02-04T18:35:49.630606+00:00,59577,38920,27458,354,357,5538,0,20,10,15,15,15,10,spring-projects
spring-boot-starter-websocket,4.0.1,org.springframework.boot,"VMware, Inc.",https://github.com/spring-projects/spring-boot,85,True,,True,Starter for using Spring MVC WebSocket support,,,,,,,,No,No,Yes,No,"OpenSource, Freeware",N/A,,Yes,maven,DELIVERABLE,12186dca-7b89-42aa-8c4a-67ca1dadfba2,2026-02-04T18:35:49.422814+00:00,79834,41852,40605,336,375,4856,2,20,10,15,15,15,10,spring-projects
spring-boot-starter-webmvc,4.0.1,org.springframework.boot,"VMware, Inc.",https://github.com/spring-projects/spring-boot,85,True,,False,Starter for using Spring MVC and Tomcat,,,,,,,,No,No,Yes,No,"OpenSource, Freeware",N/A,,Yes,maven,DELIVERABLE,12186dca-7b89-42aa-8c4a-67ca1dadfba2,2026-02-04T18:35:49.422814+00:00,79834,41852,40605,336,375,4856,2,20,10,15,15,15,10,spring-projects
spring-boot-websocket,4.0.1,org.springframework.boot,"VMware, Inc.",https://github.com/spring-projects/spring-boot,85,True,,False,Spring Boot WebSocket,,,,,,,,No,No,Yes,No,"OpenSource, Freeware",N/A,,Yes,maven,DELIVERABLE,12186dca-7b89-42aa-8c4a-67ca1dadfba2,2026-02-04T18:35:49.422814+00:00,79834,41852,40605,336,375,4856,2,20,10,15,15,15,10,spring-projects
spring-websocket,7.0.2,org.springframework,Spring IO,https://github.com/spring-projects/spring-framework,85,True,,False,Spring WebSocket,,,,,,,,No,No,Yes,No,"OpenSource, Freeware",N/A,,Yes,maven,DELIVERABLE,ffc8a5e1-0835-4cb1-8961-ecb9b247341b,2026-02-04T18:35:49.630606+00:00,59577,38920,27458,354,357,5538,0,20,10,15,15,15,10,spring-projects
spring-kafka,4.0.1,org.springframework.kafka,Spring IO,https://github.com/spring-projects/spring-kafka,85,True,,True,Spring Kafka Support,,,,,,,,No,No,Yes,No,"OpenSource, Freeware",N/A,,Yes,maven,DELIVERABLE,4bad017b-a300-4466-bb94-e69ef6d9b677,2026-02-04T18:35:49.327602+00:00,2448,1699,1745,246,288,3626,1,20,10,15,15,15,10,spring-projects
spring-context,7.0.2,org.springframework,Spring IO,https://github.com/spring-projects/spring-framework,85,True,,False,Spring Context,,,,,,,,No,No,Yes,No,"OpenSource, Freeware",N/A,,Yes,maven,DELIVERABLE,ffc8a5e1-0835-4cb1-8961-ecb9b247341b,2026-02-04T18:35:49.630606+00:00,59577,38920,27458,354,357,5538,0,20,10,15,15,15,10,spring-projects
spring-messaging,7.0.2,org.springframework,Spring IO,https://github.com/spring-projects/spring-framework,85,True,,False,Spring Messaging,,,,,,,,No,No,Yes,No,"OpenSource, Freeware",N/A,,Yes,maven,DELIVERABLE,ffc8a5e1-0835-4cb1-8961-ecb9b247341b,2026-02-04T18:35:49.630606+00:00,59577,38920,27458,354,357,5538,0,20,10,15,15,15,10,spring-projects
spring-tx,7.0.2,org.springframework,Spring IO,https://github.com/spring-projects/spring-framework,85,True,,False,Spring Transaction,,,,,,,,No,No,Yes,No,"OpenSource, Freeware",N/A,,Yes,maven,DELIVERABLE,ffc8a5e1-0835-4cb1-8961-ecb9b247341b,2026-02-04T18:35:49.630606+00:00,59577,38920,27458,354,357,5538,0,20,10,15,15,15,10,spring-projects
spring-orm,7.0.2,org.springframework,Spring IO,https://github.com/spring-projects/spring-framework,85,True,,True,Spring Object/Relational Mapping,,,,,,,,No,No,Yes,No,"OpenSource, Freeware",N/A,,Yes,maven,DELIVERABLE,ffc8a5e1-0835-4cb1-8961-ecb9b247341b,2026-02-04T18:35:49.630606+00:00,59577,38920,27458,354,357,5538,0,20,10,15,15,15,10,spring-projects
spring-beans,7.0.2,org.springframework,Spring IO,https://github.com/spring-projects/spring-framework,85,True,,False,Spring Beans,,,,,,,,No,No,Yes,No,"OpenSource, Freeware",N/A,,Yes,maven,DELIVERABLE,ffc8a5e1-0835-4cb1-8961-ecb9b247341b,2026-02-04T18:35:49.630606+00:00,59577,38920,27458,354,357,5538,0,20,10,15,15,15,10,spring-projects
spring-core,7.0.2,org.springframework,Spring IO,https://github.com/spring-projects/spring-framework,85,True,,False,Spring Core,,,,,,,,No,No,Yes,No,"OpenSource, Freeware",N/A,,Yes,maven,DELIVERABLE,ffc8a5e1-0835-4cb1-8961-ecb9b247341b,2026-02-04T18:35:49.630606+00:00,59577,38920,27458,354,357,5538,0,20,10,15,15,15,10,spring-projects
spring-jdbc,7.0.2,org.springframework,Spring IO,https://github.com/spring-projects/spring-framework,85,True,,False,Spring JDBC,,,,,,,,No,No,Yes,No,"OpenSource, Freeware",N/A,,Yes,maven,DELIVERABLE,ffc8a5e1-0835-4cb1-8961-ecb9b247341b,2026-02-04T18:35:49.630606+00:00,59577,38920,27458,354,357,5538,0,20,10,15,15,15,10,spring-projects
spring-security-oauth2-jose,7.0.2,org.springframework.security,"Pivotal Software, Inc.",https://github.com/spring-projects/spring-security,85,True,,True,Spring Security,,,,,,,,No,No,Yes,No,"OpenSource, Freeware",N/A,,Yes,maven,DELIVERABLE,efd38161-5a38-4320-ad44-49f253770ccf,2026-02-04T18:35:49.302352+00:00,9427,6242,12352,243,370,5139,14,20,10,15,15,15,10,spring-projects
spring-security-core,7.0.2,org.springframework.security,"Pivotal Software, Inc.",https://github.com/spring-projects/spring-security,85,True,,False,Spring Security,,,,,,,,No,No,Yes,No,"OpenSource, Freeware",N/A,,Yes,maven,DELIVERABLE,efd38161-5a38-4320-ad44-49f253770ccf,2026-02-04T18:35:49.302352+00:00,9427,6242,12352,243,370,5139,14,20,10,15,15,15,10,spring-projects
spring-security-crypto,7.0.2,org.springframework.security,"Pivotal Software, Inc.",https://github.com/spring-projects/spring-security,85,True,,False,Spring Security,,,,,,,,No,No,Yes,No,"OpenSource, Freeware",N/A,,Yes,maven,DELIVERABLE,efd38161-5a38-4320-ad44-49f253770ccf,2026-02-04T18:35:49.302352+00:00,9427,6242,12352,243,370,5139,14,20,10,15,15,15,10,spring-projects
spring-security-oauth2-core,7.0.2,org.springframework.security,"Pivotal Software, Inc.",https://github.com/spring-projects/spring-security,85,True,,False,Spring Security,,,,,,,,No,No,Yes,No,"OpenSource, Freeware",N/A,,Yes,maven,DELIVERABLE,efd38161-5a38-4320-ad44-49f253770ccf,2026-02-04T18:35:49.302352+00:00,9427,6242,12352,243,370,5139,14,20,10,15,15,15,10,spring-projects
nimbus-jose-jwt,10.4,com.nimbusds,Connect2id Ltd.,https://github.com/felx/nimbus-jose-jwt,65,Undetermined,,False,Java library for Javascript Object Signing and Encryption (JOSE) and JSON Web Tokens (JWT),,,,,,,,No,No,Yes,No,"OpenSource, Freeware",N/A,,Yes,maven,DELIVERABLE,8db72fc7-5ce9-4274-9a3a-ff4fd8f03008,2026-02-04T18:35:49.027475+00:00,49,23,0,0,126,3067,55,20,5,10,15,15,0,
spring-security-config,7.0.2,org.springframework.security,"Pivotal Software, Inc.",https://github.com/spring-projects/spring-security,85,True,,True,Spring Security,,,,,,,,No,No,Yes,No,"OpenSource, Freeware",N/A,,Yes,maven,DELIVERABLE,efd38161-5a38-4320-ad44-49f253770ccf,2026-02-04T18:35:49.302352+00:00,9427,6242,12352,243,370,5139,14,20,10,15,15,15,10,spring-projects
spring-aop,7.0.2,org.springframework,Spring IO,https://github.com/spring-projects/spring-framework,85,True,,False,Spring AOP,,,,,,,,No,No,Yes,No,"OpenSource, Freeware",N/A,,Yes,maven,DELIVERABLE,ffc8a5e1-0835-4cb1-8961-ecb9b247341b,2026-02-04T18:35:49.630606+00:00,59577,38920,27458,354,357,5538,0,20,10,15,15,15,10,spring-projects
spring-security-web,7.0.2,org.springframework.security,"Pivotal Software, Inc.",https://github.com/spring-projects/spring-security,85,True,,True,Spring Security,,,,,,,,No,No,Yes,No,"OpenSource, Freeware",N/A,,Yes,maven,DELIVERABLE,efd38161-5a38-4320-ad44-49f253770ccf,2026-02-04T18:35:49.302352+00:00,9427,6242,12352,243,370,5139,14,20,10,15,15,15,10,spring-projects
spring-expression,7.0.2,org.springframework,Spring IO,https://github.com/spring-projects/spring-framework,85,True,,False,Spring Expression Language (SpEL),,,,,,,,No,No,Yes,No,"OpenSource, Freeware",N/A,,Yes,maven,DELIVERABLE,ffc8a5e1-0835-4cb1-8961-ecb9b247341b,2026-02-04T18:35:49.630606+00:00,59577,38920,27458,354,357,5538,0,20,10,15,15,15,10,spring-projects
spring-web,7.0.2,org.springframework,Spring IO,https://github.com/spring-projects/spring-framework,85,True,,False,Spring Web,,,,,,,,No,No,Yes,No,"OpenSource, Freeware",N/A,,Yes,maven,DELIVERABLE,ffc8a5e1-0835-4cb1-8961-ecb9b247341b,2026-02-04T18:35:49.630606+00:00,59577,38920,27458,354,357,5538,0,20,10,15,15,15,10,spring-projects
spring-webflux,7.0.2,org.springframework,Spring IO,https://github.com/spring-projects/spring-framework,85,True,,True,Spring WebFlux,,,,,,,,No,No,Yes,No,"OpenSource, Freeware",N/A,,Yes,maven,DELIVERABLE,ffc8a5e1-0835-4cb1-8961-ecb9b247341b,2026-02-04T18:35:49.630606+00:00,59577,38920,27458,354,357,5538,0,20,10,15,15,15,10,spring-projects
reactor-core,3.8.1,io.projectreactor,reactor,https://github.com/reactor/reactor-core,75,True,,False,Non-Blocking Reactive Foundation for the JVM,,,,,,,,No,No,Yes,No,"OpenSource, Freeware",N/A,,Yes,maven,DELIVERABLE,f86e3e2e-d46d-4160-a943-5763eabeeb1c,2026-02-04T18:35:49.373741+00:00,5196,1246,1804,220,223,3739,50,20,10,15,15,15,0,
reactive-streams,1.0.4,org.reactivestreams,reactive-streams,https://github.com/reactive-streams/reactive-streams-jvm,75,True,,False,A Protocol for Asynchronous Non-Blocking Data Sequence,,,,,,,,No,No,Yes,No,"OpenSource, Freeware",N/A,,Yes,maven,DELIVERABLE,44a6090a-13c1-4e35-8958-95c5f89b385e,2026-02-04T18:35:49.024973+00:00,4864,532,249,0,23,4359,2,20,10,15,15,15,0,
springfox-swagger-ui,3.0.0,io.springfox,springfox,https://github.com/springfox/springfox,75,True,,True,JSON API documentation for spring based applications,,,,,,,,No,No,Yes,No,"OpenSource, Freeware",N/A,,Yes,maven,DELIVERABLE,a3cf1427-c059-47f1-bcea-ed1979bf32bc,2026-02-04T18:35:49.171722+00:00,5942,1518,3324,12,88,5022,17,20,10,15,15,15,0,
springfox-spring-webmvc,3.0.0,io.springfox,springfox,https://github.com/springfox/springfox,75,True,,False,JSON API documentation for spring based applications,,,,,,,,No,No,Yes,No,"OpenSource, Freeware",N/A,,Yes,maven,DELIVERABLE,a3cf1427-c059-47f1-bcea-ed1979bf32bc,2026-02-04T18:35:49.171722+00:00,5942,1518,3324,12,88,5022,17,20,10,15,15,15,0,
springfox-core,3.0.0,io.springfox,springfox,https://github.com/springfox/springfox,75,True,,False,JSON API documentation for spring based applications,,,,,,,,No,No,Yes,No,"OpenSource, Freeware",N/A,,Yes,maven,DELIVERABLE,a3cf1427-c059-47f1-bcea-ed1979bf32bc,2026-02-04T18:35:49.171722+00:00,5942,1518,3324,12,88,5022,17,20,10,15,15,15,0,
springfox-swagger2,3.0.0,io.springfox,springfox,https://github.com/springfox/springfox,75,True,,True,JSON API documentation for spring based applications,,,,,,,,No,No,Yes,No,"OpenSource, Freeware",N/A,,Yes,maven,DELIVERABLE,a3cf1427-c059-47f1-bcea-ed1979bf32bc,2026-02-04T18:35:49.171722+00:00,5942,1518,3324,12,88,5022,17,20,10,15,15,15,0,
springfox-spi,3.0.0,io.springfox,springfox,https://github.com/springfox/springfox,75,True,,False,JSON API documentation for spring based applications,,,,,,,,No,No,Yes,No,"OpenSource, Freeware",N/A,,Yes,maven,DELIVERABLE,a3cf1427-c059-47f1-bcea-ed1979bf32bc,2026-02-04T18:35:49.171722+00:00,5942,1518,3324,12,88,5022,17,20,10,15,15,15,0,
springfox-schema,3.0.0,io.springfox,springfox,https://github.com/springfox/springfox,75,True,,False,JSON API documentation for spring based applications,,,,,,,,No,No,Yes,No,"OpenSource, Freeware",N/A,,Yes,maven,DELIVERABLE,a3cf1427-c059-47f1-bcea-ed1979bf32bc,2026-02-04T18:35:49.171722+00:00,5942,1518,3324,12,88,5022,17,20,10,15,15,15,0,
springfox-swagger-common,3.0.0,io.springfox,springfox,https://github.com/springfox/springfox,75,True,,False,JSON API documentation for spring based applications,,,,,,,,No,No,Yes,No,"OpenSource, Freeware",N/A,,Yes,maven,DELIVERABLE,a3cf1427-c059-47f1-bcea-ed1979bf32bc,2026-02-04T18:35:49.171722+00:00,5942,1518,3324,12,88,5022,17,20,10,15,15,15,0,
swagger-annotations,2.1.2,io.swagger.core.v3,swagger-api,https://github.com/swagger-api/swagger-core,75,True,,False,Sonatype helps open source projects to set up Maven repositories on https://oss.sonatype.org/,,,,,,,,No,No,Yes,No,"OpenSource, Freeware",N/A,,Yes,maven,DELIVERABLE,17eda69d-182d-427f-9502-5a7b81be3f2e,2026-02-04T18:35:49.325602+00:00,7516,2249,2245,126,159,5328,21,20,10,15,15,15,0,
springfox-spring-web,3.0.0,io.springfox,springfox,https://github.com/springfox/springfox,75,True,,False,JSON API documentation for spring based applications,,,,,,,,No,No,Yes,No,"OpenSource, Freeware",N/A,,Yes,maven,DELIVERABLE,a3cf1427-c059-47f1-bcea-ed1979bf32bc,2026-02-04T18:35:49.171722+00:00,5942,1518,3324,12,88,5022,17,20,10,15,15,15,0,
classgraph,4.8.83,io.github.classgraph,classgraph,https://github.com/classgraph/classgraph,75,True,,False,"The uber-fast, ultra-lightweight classpath and module scanner for JVM languages.",,,,,,,,No,No,Yes,No,"OpenSource, Freeware",N/A,,Yes,maven,DELIVERABLE,6895f30a-9864-4b51-ab30-eab6037b8888,2026-02-04T18:35:49.552974+00:00,2956,300,448,427,428,4189,236,20,10,15,15,15,0,
springfox-spring-webflux,3.0.0,io.springfox,springfox,https://github.com/springfox/springfox,75,True,,False,JSON API documentation for spring based applications,,,,,,,,No,No,Yes,No,"OpenSource, Freeware",N/A,,Yes,maven,DELIVERABLE,a3cf1427-c059-47f1-bcea-ed1979bf32bc,2026-02-04T18:35:49.171722+00:00,5942,1518,3324,12,88,5022,17,20,10,15,15,15,0,
classmate,1.7.0,com.fasterxml,fasterxml.com,https://github.com/FasterXML/java-classmate,71,True,,False,Library for introspecting types with full generic information including resolving of field and method types.,,,,,,,,No,No,Yes,No,"OpenSource, Freeware",N/A,,Yes,maven,DELIVERABLE,753836f5-8b30-4c5f-a02e-3be23fbba5ee,2026-02-04T18:35:49.119854+00:00,265,45,41,0,25,5613,49,16,10,15,15,15,0,
spring-plugin-metadata,2.0.0.RELEASE,org.springframework.plugin,"Pivotal Software, Inc.",https://github.com/spring-projects/spring-plugin,81,True,,False,Extension package for metadata based plugins,,,,,,,,No,No,Yes,No,"OpenSource, Freeware",N/A,,Yes,maven,DELIVERABLE,65b1872a-5265-4101-a7a9-419764bf8aaf,2026-02-04T18:35:49.140870+00:00,482,124,101,1,22,5098,298,16,10,15,15,15,10,spring-projects
swagger-annotations,1.5.20,io.swagger,swagger-api,https://github.com/swagger-api/swagger-core,75,True,,False,Sonatype helps open source projects to set up Maven repositories on https://oss.sonatype.org/,,,,,,,,No,No,Yes,No,"OpenSource, Freeware",N/A,,Yes,maven,DELIVERABLE,17eda69d-182d-427f-9502-5a7b81be3f2e,2026-02-04T18:35:49.325602+00:00,7516,2249,2245,126,159,5328,21,20,10,15,15,15,0,
swagger-models,1.5.20,io.swagger,swagger-api,https://github.com/swagger-api/swagger-core,75,True,,False,Sonatype helps open source projects to set up Maven repositories on https://oss.sonatype.org/,,,,,,,,No,No,Yes,No,"OpenSource, Freeware",N/A,,Yes,maven,DELIVERABLE,17eda69d-182d-427f-9502-5a7b81be3f2e,2026-02-04T18:35:49.325602+00:00,7516,2249,2245,126,159,5328,21,20,10,15,15,15,0,
mapstruct,1.3.1.Final,org.mapstruct,mapstruct,https://github.com/mapstruct/mapstruct,75,True,,False,An annotation processor for generating type-safe bean mappers,,,,,,,,No,No,Yes,No,"OpenSource, Freeware",N/A,,Yes,maven,DELIVERABLE,9534c26a-6cc4-4878-a3c3-c70433de4fa1,2026-02-04T18:35:49.168469+00:00,7612,1010,2044,36,49,5000,0,20,10,15,15,15,0,
tomcat-annotations-api,11.0.15,org.apache.tomcat,apache,https://github.com/apache/tomcat,75,True,,True,Annotations Package,,,,,,,,No,No,Yes,No,"OpenSource, Freeware",N/A,,Yes,maven,DELIVERABLE,641813ae-cc35-455c-8f39-842df203cc8b,2026-02-04T18:35:48.974472+00:00,8089,5338,0,0,514,5240,50,20,10,15,15,15,0,
velocity-engine-core,2.4.1,org.apache.velocity,The Apache Software Foundation,https://github.com/apache/velocity-engine,75,True,,True,Apache Velocity is a general purpose template engine.,,,,,,,,No,No,Yes,No,"OpenSource, Freeware",N/A,,Yes,maven,DELIVERABLE,6874954d-6a96-4047-b2d4-9ad035f87c75,2026-02-04T18:35:49.192093+00:00,404,135,0,0,57,4457,148,20,10,15,15,15,0,
commons-lang3,3.18.0,org.apache.commons,The Apache Software Foundation,https://github.com/apache/commons-lang,75,True,,False,"Apache Commons Lang, a package of Java utility classes for the classes that are in java.lang's hierarchy, or are considered to be so standard as to justify existence in java.lang. The code is tested using the latest revision of the JDK for supported LTS releases: 8, 11, 17 and 21 currently. See https://github.com/apache/commons-lang/blob/master/.github/workflows/maven.yml Please ensure your build environment is up-to-date and kindly report any build issues.",,,,,,,,No,No,Yes,No,"OpenSource, Freeware",N/A,,Yes,maven,DELIVERABLE,6150dd30-1526-4f3b-8c43-f89906014964,2026-02-04T18:35:49.275479+00:00,2926,1882,0,0,113,6104,0,20,10,15,15,15,0,
xml-apis,1.0.b2,xml-apis,Apache Software Foundation,,,,,True,"xml-commons provides an Apache-hosted set of DOM, SAX, and JAXP interfaces for use in other xml-based projects. Our hope is that we can standardize on both a common version and packaging scheme for these critical XML standards interfaces to make the lives of both our developers and users easier. The External Components portion of xml-commons contains interfaces that are defined by external standards organizations. For DOM, that's the W3C; for SAX it's David Megginson and sax.sourceforge.net; for JAXP it's Sun.",,,,,,,,No,No,Yes,No,"OpenSource, Freeware",N/A,,Yes,maven,DELIVERABLE,,,,,,,,,,,,,,,,
annotations,17.0.0,org.jetbrains,JetBrains,https://github.com/JetBrains/java-annotations,69,Undetermined,,True,A set of annotations used for code inspection support and code documentation.,,,,,,,,No,No,Yes,No,"OpenSource, Freeware",N/A,,Yes,maven,DELIVERABLE,676f5ac9-6ce9-4fb9-89fc-b57c00688430,2026-02-04T18:35:49.355907+00:00,455,67,59,21,21,2910,6,14,10,15,15,15,0,
byte-buddy,1.18.3,net.bytebuddy,raphw,https://github.com/raphw/byte-buddy,75,True,,True,Byte Buddy is a Java library for creating Java classes at run time. This artifact is a build of Byte Buddy with all ASM dependencies repackaged into its own name space.,,,,,,,,No,No,Yes,No,"OpenSource, Freeware",N/A,,Yes,maven,DELIVERABLE,4d56dda0-bf6b-46e0-b973-5621108219e1,2026-02-04T18:35:49.600270+00:00,6749,844,1499,310,310,4454,13,20,10,15,15,15,0,
jackson-dataformat-yaml,2.20.1,com.fasterxml.jackson.dataformat,FasterXML,https://github.com/FasterXML/jackson-dataformats-text,75,True,,True,Support for reading and writing YAML-encoded data via Jackson abstractions.,,,,,,,,No,No,Yes,No,"OpenSource, Freeware",N/A,,Yes,maven,DELIVERABLE,e87c12b7-b4cf-4970-9add-edab9fb69875,2026-02-04T18:35:49.363414+00:00,443,153,270,0,106,3244,182,20,10,15,15,15,0,
snakeyaml,2.5,org.yaml,snakeyaml,https://github.com/snakeyaml/snakeyaml,55,Undetermined,,False,YAML 1.1 parser and emitter for Java,,,,,,,,No,No,Yes,No,"OpenSource, Freeware",N/A,,Yes,maven,DELIVERABLE,b82e18ab-c91b-41f1-bd92-0dd9ee7df1e2,2026-02-04T18:35:49.461982+00:00,149,52,0,0,0,1566,263,0,10,15,15,15,0,
jackson-datatype-jdk8,2.20.1,com.fasterxml.jackson.datatype,FasterXML,https://github.com/FasterXML/jackson-modules-java8,75,True,,True,Add-on module for Jackson (https://github.com/FasterXML/jackson) to support JDK 8 data types.,,,,,,,,No,No,Yes,No,"OpenSource, Freeware",N/A,,Yes,maven,DELIVERABLE,3ab81f52-0451-4bf7-abee-a6694de2e4bc,2026-02-04T18:35:46.964431+00:00,417,123,219,0,99,3381,403,20,10,15,15,15,0,
jackson-dataformat-csv,2.20.1,com.fasterxml.jackson.dataformat,FasterXML,https://github.com/FasterXML/jackson-dataformats-text,75,True,,True,Support for reading and writing CSV-encoded data via Jackson abstractions.,,,,,,,,No,No,Yes,No,"OpenSource, Freeware",N/A,,Yes,maven,DELIVERABLE,e87c12b7-b4cf-4970-9add-edab9fb69875,2026-02-04T18:35:49.363414+00:00,443,153,270,0,106,3244,182,20,10,15,15,15,0,
jna,5.18.1,net.java.dev.jna,java-native-access,https://github.com/java-native-access/jna,75,True,,True,Java Native Access,,,,,,,,No,No,Yes,No,"OpenSource, Freeware",N/A,,Yes,maven,DELIVERABLE,0543ff78-2dc8-499a-a5df-e877a3a353fd,2026-02-04T18:35:46.880534+00:00,8887,1687,728,0,69,5395,5,20,10,15,15,15,0,
kotlin-stdlib,2.3.0,org.jetbrains.kotlin,JetBrains,https://github.com/JetBrains/kotlin,75,True,,True,Kotlin Standard Library,,,,,,,,No,No,Yes,No,"OpenSource, Freeware",N/A,,Yes,maven,DELIVERABLE,b494b381-99c1-436f-a146-2638ce2771bf,2026-02-04T18:35:51.828737+00:00,52245,6202,0,281,42274,5105,0,20,10,15,15,15,0,
log4j-core,2.25.3,org.apache.logging.log4j,The Apache Software Foundation,https://github.com/apache/logging-log4j2,75,True,,True,"A versatile, industrial-grade, and reference implementation of the Log4j API. It bundles a rich set of components to assist various use cases: Appenders targeting files, network sockets, databases, SMTP servers; Layouts that can render CSV, HTML, JSON, Syslog, etc. formatted outputs; Filters that can be configured using log event rates, regular expressions, scripts, time, etc. It contains several extension points to introduce custom components, if needed.",,,,,,,,No,No,Yes,No,"OpenSource, Freeware",N/A,,Yes,maven,DELIVERABLE,ef5ff524-7f7e-4b52-8514-8f7e099be651,2026-02-04T18:35:49.088972+00:00,3579,1706,486,17,156,4620,17,20,10,15,15,15,0,
scala-reflect,2.13.18,org.scala-lang,LAMP/EPFL,https://github.com/scala/scala,75,True,,True,Reflection Library for the Scala Programming Language,,,,,,,,No,No,Yes,No,"OpenSource, Freeware",N/A,,Yes,maven,DELIVERABLE,e82ace79-4a3f-405c-9c43-873624cbce0d,2026-02-04T18:35:49.389750+00:00,14435,3100,0,80,173,5180,3,20,10,15,15,15,0,
spring-plugin-core,4.0.0,org.springframework.plugin,"VMware, Inc.",https://github.com/spring-projects/spring-plugin,81,True,,True,Core plugin infrastructure,,,,,,,,No,No,Yes,No,"OpenSource, Freeware",N/A,,Yes,maven,DELIVERABLE,65b1872a-5265-4101-a7a9-419764bf8aaf,2026-02-04T18:35:49.140870+00:00,482,124,101,1,22,5098,298,16,10,15,15,15,10,spring-projects
